INSERT INTO ServicePlan (plan_name, monthly_fee, data_limit, sms_limit, minutes_limit)
VALUES
('Starter', 123.31, 1693, 815, 1316),
('Family', 88.34, 3707, 947, 352),
('Pro Max', 261.55, 4200, 360, 1003),
('Business', 250.00, 5000, 500, 2000),
('Unlimited', 299.99, 10240, 1000, 3000),
('Lite', 75.00, 2048, 200, 500),
('Standard', 150.00, 3072, 300, 1000),
('Premium', 199.99, 4096, 400, 1500),
('Smart', 120.00, 2500, 250, 700),
('Connect', 180.50, 3500, 350, 1200);

---------------------------------------------------------------------------------------------------------------------------------------
INSERT INTO Subscription (customer_id, start_date, end_date, Sub_status, plan_id, sms_remained, minutes_remained, data_remained)
VALUES
(7, '2020-09-14', NULL, 'terminated', 1, 835, 975, 8228),
(5, '2020-10-17', NULL, 'suspended', 2, 868, 831, 5981),
(3, '2021-05-21', NULL, 'active', 3, 450, 600, 3000),
(4, '2023-02-11', NULL, 'active', 4, 800, 1200, 4096),
(1, '2022-06-30', NULL, 'active', 5, 1000, 2500, 10240),
(2, '2021-12-01', NULL, 'active', 6, 300, 500, 2048),
(6, '2020-07-18', NULL, 'suspended', 7, 700, 1000, 3500),
(8, '2023-09-10', NULL, 'active', 8, 400, 750, 4096),
(9, '2022-04-15', NULL, 'active', 9, 500, 800, 2500),
(10, '2023-01-05', NULL, 'active', 10, 350, 600, 1800);

----------------------------------------------------------------------------------------------------------------------------
INSERT INTO Usage_Records (subscription_id, record_date, data_used, sms_used, minutes_used)
VALUES
(1, GETDATE(), 103, 19, 95),
(2, GETDATE(), 123, 96, 124),
(3, GETDATE(), 210, 30, 50),
(4, GETDATE(), 150, 40, 120),
(5, GETDATE(), 500, 70, 200),
(6, GETDATE(), 300, 15, 60),
(7, GETDATE(), 180, 25, 90),
(8, GETDATE(), 320, 60, 150),
(9, GETDATE(), 275, 35, 80),
(10, GETDATE(), 90, 10, 40);

------------------------------------------------------------------------------------------------------------
INSERT INTO SIM_Card (sim_iccid, phone_number, imsi, status, customer_id)
VALUES
('89014956208963014', '01087328996', '817624558739457', 'active', 7),
('89019457684089252', '01099460457', '769293183873299', 'active', 7),
('89012784892345678', '01010020030', '123456789012345', 'active', 1),
('89014567123456789', '01020030040', '234567890123456', 'suspended', 2),
('89015678234567890', '01030040050', '345678901234567', 'active', 3),
('89016789345678901', '01040050060', '456789012345678', 'active', 4),
('89017890456789012', '01050060070', '567890123456789', 'active', 5),
('89018901567890123', '01060070080', '678901234567890', 'active', 6),
('89019012678901234', '01070080090', '789012345678901', 'active', 8),
('89010123789012345', '01080090010', '890123456789012', 'active', 9);

------------------------------------------------------------------------------------------------------

INSERT INTO Support_Ticket (customer_id, created_at, resolved_at, issue_type, priority, status, assigned_employee)
VALUES
(2, '2021-09-01', NULL, 'SIM Issue', 'H', 'open', 10),
(9, '2024-12-04', NULL, 'Technical Support', 'M', 'open', 4),
(3, '2023-07-15', NULL, 'Plan Upgrade', 'L', 'open', 3),
(5, '2023-03-20', NULL, 'Billing', 'H', 'open', 2),
(1, '2022-10-10', NULL, 'Network', 'M', 'open', 1),
(6, '2022-11-22', NULL, 'Technical Support', 'L', 'open', 5),
(4, '2023-08-18', NULL, 'Plan Upgrade', 'M', 'open', 6),
(8, '2021-04-05', NULL, 'SIM Issue', 'H', 'open', 7),
(10, '2020-12-30', NULL, 'Billing', 'L', 'open', 8),
(7, '2024-05-19', NULL, 'Network', 'M', 'open', 9);

